URL,Total Issues,Critical Issues,Serious Issues,Moderate Issues,Minor Issues,WCAG A Issues,WCAG AA Issues,WCAG AAA Issues,Accessibility Score,Missing ARIA Labels,Contrast Ratio Issues,Keyboard Navigation Issues
https://www.icann.org/privacy,84,84,0,0,0,0,84,0,0.00,0,0,0
https://www.icann.org/privacy/cookies,61,61,0,0,0,0,61,0,0.00,0,0,0
https://www.icann.org/en,3,3,0,0,0,0,3,0,70.00,0,0,0
https://www.icann.org/en/blogs/details/chairs-blog-january-board-workshop-preview-22-01-2025-en,3,3,0,0,0,0,3,0,70.00,0,0,0
https://www.icann.org/en/blogs/details/ssac-in-2025-open-engaged-and-accessible-16-01-2025-en,3,3,0,0,0,0,3,0,70.00,0,0,0
https://www.icann.org/en/announcements/details/apply-now-for-icann-leadership-positions-14-01-2025-en,3,3,0,0,0,0,3,0,70.00,0,0,0
https://www.icann.org/en/blogs/details/the-adventure-begins-13-12-2024-en,3,3,0,0,0,0,3,0,70.00,0,0,0
https://www.icann.org/en/announcements,9,9,0,0,0,0,9,0,10.00,0,0,0
https://www.icann.org/en/blogs,7,7,0,0,0,0,7,0,30.00,0,0,0
https://www.icann.org/en/public-comment/proceeding/iana-2030-strategy-draft-pti-strategic-plan-covering-2025-to-2030-26-11-2024,3,3,0,0,0,0,3,0,70.00,0,0,0
https://www.icann.org/en/public-comment/proceeding/phase-2-final-report-on-the-epdp-idns-for-icann-board-consideration-23-12-2024,3,3,0,0,0,0,3,0,70.00,0,0,0
https://www.icann.org/public-comments,0,0,0,0,0,0,0,0,100.00,0,0,0
