URL,Word Count,Content Freshness Score,Content Uniqueness Score,Grammar Score,Media Richness Score,Top Keywords,Overall Content Score
https://www.icann.org/privacy,1070,0.00,100.00,100.00,5.00,,56.25
https://www.icann.org/privacy/cookies,2461,0.00,100.00,100.00,5.00,,56.25
https://www.icann.org/en,921,0.00,100.00,100.00,30.00,,46.50
https://www.icann.org/en/blogs/details/chairs-blog-january-board-workshop-preview-22-01-2025-en,1029,0.00,100.00,100.00,30.00,,64.50
https://www.icann.org/en/blogs/details/ssac-in-2025-open-engaged-and-accessible-16-01-2025-en,831,0.00,100.00,100.00,15.00,,62.25
https://www.icann.org/en/announcements/details/apply-now-for-icann-leadership-positions-14-01-2025-en,804,0.00,100.00,100.00,15.00,,62.25
https://www.icann.org/en/blogs/details/the-adventure-begins-13-12-2024-en,860,0.00,100.00,100.00,30.00,,64.50
https://www.icann.org/en/announcements,521,0.00,100.00,100.00,15.00,,59.25
https://www.icann.org/en/blogs,426,0.00,100.00,100.00,15.00,,59.25
https://www.icann.org/en/public-comment/proceeding/iana-2030-strategy-draft-pti-strategic-plan-covering-2025-to-2030-26-11-2024,719,0.00,100.00,100.00,15.00,,62.25
https://www.icann.org/en/public-comment/proceeding/phase-2-final-report-on-the-epdp-idns-for-icann-board-consideration-23-12-2024,1024,0.00,100.00,100.00,15.00,,62.25
https://www.icann.org/public-comments,768,0.00,100.00,100.00,15.00,,62.25
