Page URL,Image URL,File Size (KB),Dimensions,Format,Alt Text,Alt Text Quality Score,Is Responsive,Lazy Loaded,Compression Level,Optimization Score,Recommendations
https://www.icann.org/privacy,/assets/icann_logo-060b2be98ed365541773152e2d7bb0ce5777c299d04fce4d89a14bc8fbc2a14a.png,0,?x?,png,,0.00,No,No,High,45.00,Add alt text; Add width and height attributes; Add lazy loading
https://www.icann.org/privacy/cookies,/assets/icann_logo-060b2be98ed365541773152e2d7bb0ce5777c299d04fce4d89a14bc8fbc2a14a.png,0,?x?,png,,0.00,No,No,High,45.00,Add alt text; Add width and height attributes; Add lazy loading
https://www.icann.org/en,https://itp.cdn.icann.org/assets/images/www-static/logo/icann_logo.webp,0,?x?,webp,ICANN,25.00,No,No,High,75.00,Improve alt text description; Add width and height attributes; Add lazy loading
https://www.icann.org/en,https://itp.cdn.icann.org/assets/images/www-static/logo/icann-logo-tagline-en_680x152.webp,0,?x?,webp,ICANN,25.00,No,No,High,75.00,Improve alt text description; Add width and height attributes; Add lazy loading
https://www.icann.org/en,,0,?x?,unknown,Chair’s Blog: January Board Workshop Preview,100.00,No,No,High,75.00,Add width and height attributes; Add lazy loading
https://www.icann.org/en,,0,?x?,unknown,"SSAC in 2025: Open, Engaged, and Accessible",100.00,No,No,High,75.00,Add width and height attributes; Add lazy loading
https://www.icann.org/en,,0,?x?,unknown,Apply Now for ICANN Leadership Positions,100.00,No,No,High,75.00,Add width and height attributes; Add lazy loading
https://www.icann.org/en,,0,?x?,unknown,CEO Blog: The Adventure Begins,100.00,No,No,High,75.00,Add width and height attributes; Add lazy loading
https://www.icann.org/en,,0,?x?,unknown,card image - Homepage - CEO Reports to the Board PNG,100.00,No,No,High,75.00,Add width and height attributes; Add lazy loading
https://www.icann.org/en,,0,?x?,unknown,card image - Homepage - Careers PNG,100.00,No,No,High,75.00,Add width and height attributes; Add lazy loading
https://www.icann.org/en,,0,?x?,unknown,card image - Homepage - ICANN Learn PNG,100.00,No,No,High,75.00,Add width and height attributes; Add lazy loading
https://www.icann.org/en,,0,?x?,unknown,card image - Homepage - Newcomers - Beginners PNG,100.00,No,No,High,75.00,Add width and height attributes; Add lazy loading
https://www.icann.org/en,,0,?x?,unknown,card image - Homepage - Explore ICANN's Engagement Calendar PNG,100.00,No,No,High,75.00,Add width and height attributes; Add lazy loading
https://www.icann.org/en,,0,?x?,unknown,card image - Homepage - Subscribe to ICANN News PNG,100.00,No,No,High,75.00,Add width and height attributes; Add lazy loading
https://www.icann.org/en,,0,?x?,unknown,card image - Homepage - Connect with ICANN on Social Media PNG,100.00,No,No,High,75.00,Add width and height attributes; Add lazy loading
https://www.icann.org/en,,0,?x?,unknown,card image - Homepage - Public Meetings PNG,100.00,No,No,High,75.00,Add width and height attributes; Add lazy loading
https://www.icann.org/en,,0,?x?,unknown,card image - Homepage - CEO Reports to the Board PNG,100.00,No,No,High,75.00,Add width and height attributes; Add lazy loading
https://www.icann.org/en,,0,?x?,unknown,card image - Homepage - Careers PNG,100.00,No,No,High,75.00,Add width and height attributes; Add lazy loading
https://www.icann.org/en,,0,?x?,unknown,card image - Homepage - ICANN Learn PNG,100.00,No,No,High,75.00,Add width and height attributes; Add lazy loading
https://www.icann.org/en,,0,?x?,unknown,card image - Homepage - Newcomers - Beginners PNG,100.00,No,No,High,75.00,Add width and height attributes; Add lazy loading
https://www.icann.org/en,,0,?x?,unknown,card image - Homepage - Explore ICANN's Engagement Calendar PNG,100.00,No,No,High,75.00,Add width and height attributes; Add lazy loading
https://www.icann.org/en,,0,?x?,unknown,card image - Homepage - Subscribe to ICANN News PNG,100.00,No,No,High,75.00,Add width and height attributes; Add lazy loading
https://www.icann.org/en,,0,?x?,unknown,card image - Homepage - Connect with ICANN on Social Media PNG,100.00,No,No,High,75.00,Add width and height attributes; Add lazy loading
https://www.icann.org/en,,0,?x?,unknown,card image - Homepage - Public Meetings PNG,100.00,No,No,High,75.00,Add width and height attributes; Add lazy loading
https://www.icann.org/en,https://itp.cdn.icann.org/en/files/government-engagement-ge/blue-tab-icon-homepage80x80government-engagement-publications-en.svg,0,?x?,svg,Government Engagement Publications,100.00,No,No,High,75.00,Add width and height attributes; Add lazy loading
https://www.icann.org/en,https://itp.cdn.icann.org/en/files/government-engagement-ge/blue-tab-icon-homepage80x80government-engagement-publications-en.svg,0,?x?,svg,Government Engagement Publications,100.00,No,No,High,75.00,Add width and height attributes; Add lazy loading
https://www.icann.org/en,https://itp.cdn.icann.org/en/files/office-of-the-chief-technology-officer-octo-reports/blue-tab-icon-homepage80x80octo-publications-en.svg,0,?x?,svg,Office of the Chief Technology Officer (OCTO) Publications,100.00,No,No,High,75.00,Add width and height attributes; Add lazy loading
https://www.icann.org/en,https://itp.cdn.icann.org/en/files/office-of-the-chief-technology-officer-octo-reports/blue-tab-icon-homepage80x80octo-publications-en.svg,0,?x?,svg,Office of the Chief Technology Officer (OCTO) Publications,100.00,No,No,High,75.00,Add width and height attributes; Add lazy loading
https://www.icann.org/en,https://itp.cdn.icann.org/en/files/homepage/acronyms-and-terms-17-02-2023-en.svg,0,?x?,svg,Acronyms and Terms,90.00,No,No,High,75.00,Add width and height attributes; Add lazy loading
https://www.icann.org/en,https://itp.cdn.icann.org/en/files/homepage/acronyms-and-terms-17-02-2023-en.svg,0,?x?,svg,Acronyms and Terms,90.00,No,No,High,75.00,Add width and height attributes; Add lazy loading
https://www.icann.org/en,https://itp.cdn.icann.org/en/files/homepage/domain-name-holder-16-02-2023-en.svg,0,?x?,svg,Information for Domain Name Holders (Registrants),100.00,No,No,High,75.00,Add width and height attributes; Add lazy loading
https://www.icann.org/en,https://itp.cdn.icann.org/en/files/homepage/domain-name-holder-16-02-2023-en.svg,0,?x?,svg,Information for Domain Name Holders (Registrants),100.00,No,No,High,75.00,Add width and height attributes; Add lazy loading
https://www.icann.org/en,https://itp.cdn.icann.org/assets/images/www-static/logo/icann-logo-tagline-white-en_680x152.webp,0,?x?,webp,ICANN,25.00,No,No,High,75.00,Improve alt text description; Add width and height attributes; Add lazy loading
https://www.icann.org/en/blogs/details/chairs-blog-january-board-workshop-preview-22-01-2025-en,https://itp.cdn.icann.org/assets/images/www-static/logo/icann_logo.webp,0,?x?,webp,ICANN,25.00,No,No,High,75.00,Improve alt text description; Add width and height attributes; Add lazy loading
https://www.icann.org/en/blogs/details/chairs-blog-january-board-workshop-preview-22-01-2025-en,https://itp.cdn.icann.org/assets/images/www-static/logo/icann-logo-tagline-en_680x152.webp,0,?x?,webp,ICANN,25.00,No,No,High,75.00,Improve alt text description; Add width and height attributes; Add lazy loading
https://www.icann.org/en/blogs/details/chairs-blog-january-board-workshop-preview-22-01-2025-en,https://itp.cdn.icann.org/en/files/about-the-board/icann-boardtripti-sinha-en-small.jpg,0,?x?,jpg,Tripti Sinha,60.00,No,No,High,75.00,Add width and height attributes; Add lazy loading
https://www.icann.org/en/blogs/details/chairs-blog-january-board-workshop-preview-22-01-2025-en,https://itp.cdn.icann.org/en/files/about-the-board/icann-boardtripti-sinha-en-small.jpg,0,?x?,jpg,Tripti Sinha,60.00,No,No,High,75.00,Add width and height attributes; Add lazy loading
https://www.icann.org/en/blogs/details/chairs-blog-january-board-workshop-preview-22-01-2025-en,https://itp.cdn.icann.org/en/files/about-the-board/icann-boardtripti-sinha-en-small.jpg,0,?x?,jpg,Tripti Sinha,60.00,No,No,High,75.00,Add width and height attributes; Add lazy loading
https://www.icann.org/en/blogs/details/chairs-blog-january-board-workshop-preview-22-01-2025-en,https://itp.cdn.icann.org/assets/images/www-static/logo/icann-logo-tagline-white-en_680x152.webp,0,?x?,webp,ICANN,25.00,No,No,High,75.00,Improve alt text description; Add width and height attributes; Add lazy loading
https://www.icann.org/en/blogs/details/ssac-in-2025-open-engaged-and-accessible-16-01-2025-en,https://itp.cdn.icann.org/assets/images/www-static/logo/icann_logo.webp,0,?x?,webp,ICANN,25.00,No,No,High,75.00,Improve alt text description; Add width and height attributes; Add lazy loading
https://www.icann.org/en/blogs/details/ssac-in-2025-open-engaged-and-accessible-16-01-2025-en,https://itp.cdn.icann.org/assets/images/www-static/logo/icann-logo-tagline-en_680x152.webp,0,?x?,webp,ICANN,25.00,No,No,High,75.00,Improve alt text description; Add width and height attributes; Add lazy loading
https://www.icann.org/en/blogs/details/ssac-in-2025-open-engaged-and-accessible-16-01-2025-en,https://itp.cdn.icann.org/assets/images/www-static/logo/icann-logo-tagline-white-en_680x152.webp,0,?x?,webp,ICANN,25.00,No,No,High,75.00,Improve alt text description; Add width and height attributes; Add lazy loading
https://www.icann.org/en/announcements/details/apply-now-for-icann-leadership-positions-14-01-2025-en,https://itp.cdn.icann.org/assets/images/www-static/logo/icann_logo.webp,0,?x?,webp,ICANN,25.00,No,No,High,75.00,Improve alt text description; Add width and height attributes; Add lazy loading
https://www.icann.org/en/announcements/details/apply-now-for-icann-leadership-positions-14-01-2025-en,https://itp.cdn.icann.org/assets/images/www-static/logo/icann-logo-tagline-en_680x152.webp,0,?x?,webp,ICANN,25.00,No,No,High,75.00,Improve alt text description; Add width and height attributes; Add lazy loading
https://www.icann.org/en/announcements/details/apply-now-for-icann-leadership-positions-14-01-2025-en,https://itp.cdn.icann.org/assets/images/www-static/logo/icann-logo-tagline-white-en_680x152.webp,0,?x?,webp,ICANN,25.00,No,No,High,75.00,Improve alt text description; Add width and height attributes; Add lazy loading
https://www.icann.org/en/blogs/details/the-adventure-begins-13-12-2024-en,https://itp.cdn.icann.org/assets/images/www-static/logo/icann_logo.webp,0,?x?,webp,ICANN,25.00,No,No,High,75.00,Improve alt text description; Add width and height attributes; Add lazy loading
https://www.icann.org/en/blogs/details/the-adventure-begins-13-12-2024-en,https://itp.cdn.icann.org/assets/images/www-static/logo/icann-logo-tagline-en_680x152.webp,0,?x?,webp,ICANN,25.00,No,No,High,75.00,Improve alt text description; Add width and height attributes; Add lazy loading
https://www.icann.org/en/blogs/details/the-adventure-begins-13-12-2024-en,https://itp.cdn.icann.org/en/files/profile/kurtis-lindqvist-01-12-2024-en-small.jpg,0,?x?,jpg,Kurtis Lindqvist,80.00,No,No,High,75.00,Add width and height attributes; Add lazy loading
https://www.icann.org/en/blogs/details/the-adventure-begins-13-12-2024-en,https://itp.cdn.icann.org/en/files/profile/kurtis-lindqvist-01-12-2024-en-small.jpg,0,?x?,jpg,Kurtis Lindqvist,80.00,No,No,High,75.00,Add width and height attributes; Add lazy loading
https://www.icann.org/en/blogs/details/the-adventure-begins-13-12-2024-en,https://itp.cdn.icann.org/en/files/profile/kurtis-lindqvist-01-12-2024-en-small.jpg,0,?x?,jpg,Kurtis Lindqvist,80.00,No,No,High,75.00,Add width and height attributes; Add lazy loading
https://www.icann.org/en/blogs/details/the-adventure-begins-13-12-2024-en,https://itp.cdn.icann.org/assets/images/www-static/logo/icann-logo-tagline-white-en_680x152.webp,0,?x?,webp,ICANN,25.00,No,No,High,75.00,Improve alt text description; Add width and height attributes; Add lazy loading
https://www.icann.org/en/announcements,https://itp.cdn.icann.org/assets/images/www-static/logo/icann_logo.webp,0,?x?,webp,ICANN,25.00,No,No,High,75.00,Improve alt text description; Add width and height attributes; Add lazy loading
https://www.icann.org/en/announcements,https://itp.cdn.icann.org/assets/images/www-static/logo/icann-logo-tagline-en_680x152.webp,0,?x?,webp,ICANN,25.00,No,No,High,75.00,Improve alt text description; Add width and height attributes; Add lazy loading
https://www.icann.org/en/announcements,https://itp.cdn.icann.org/assets/images/www-static/logo/icann-logo-tagline-white-en_680x152.webp,0,?x?,webp,ICANN,25.00,No,No,High,75.00,Improve alt text description; Add width and height attributes; Add lazy loading
https://www.icann.org/en/blogs,https://itp.cdn.icann.org/assets/images/www-static/logo/icann_logo.webp,0,?x?,webp,ICANN,25.00,No,No,High,75.00,Improve alt text description; Add width and height attributes; Add lazy loading
https://www.icann.org/en/blogs,https://itp.cdn.icann.org/assets/images/www-static/logo/icann-logo-tagline-en_680x152.webp,0,?x?,webp,ICANN,25.00,No,No,High,75.00,Improve alt text description; Add width and height attributes; Add lazy loading
https://www.icann.org/en/blogs,https://itp.cdn.icann.org/assets/images/www-static/logo/icann-logo-tagline-white-en_680x152.webp,0,?x?,webp,ICANN,25.00,No,No,High,75.00,Improve alt text description; Add width and height attributes; Add lazy loading
https://www.icann.org/en/public-comment/proceeding/iana-2030-strategy-draft-pti-strategic-plan-covering-2025-to-2030-26-11-2024,https://itp.cdn.icann.org/assets/images/www-static/logo/icann_logo.webp,0,?x?,webp,ICANN,25.00,No,No,High,75.00,Improve alt text description; Add width and height attributes; Add lazy loading
https://www.icann.org/en/public-comment/proceeding/iana-2030-strategy-draft-pti-strategic-plan-covering-2025-to-2030-26-11-2024,https://itp.cdn.icann.org/assets/images/www-static/logo/icann-logo-tagline-en_680x152.webp,0,?x?,webp,ICANN,25.00,No,No,High,75.00,Improve alt text description; Add width and height attributes; Add lazy loading
https://www.icann.org/en/public-comment/proceeding/iana-2030-strategy-draft-pti-strategic-plan-covering-2025-to-2030-26-11-2024,https://itp.cdn.icann.org/assets/images/www-static/logo/icann-logo-tagline-white-en_680x152.webp,0,?x?,webp,ICANN,25.00,No,No,High,75.00,Improve alt text description; Add width and height attributes; Add lazy loading
https://www.icann.org/en/public-comment/proceeding/phase-2-final-report-on-the-epdp-idns-for-icann-board-consideration-23-12-2024,https://itp.cdn.icann.org/assets/images/www-static/logo/icann_logo.webp,0,?x?,webp,ICANN,25.00,No,No,High,75.00,Improve alt text description; Add width and height attributes; Add lazy loading
https://www.icann.org/en/public-comment/proceeding/phase-2-final-report-on-the-epdp-idns-for-icann-board-consideration-23-12-2024,https://itp.cdn.icann.org/assets/images/www-static/logo/icann-logo-tagline-en_680x152.webp,0,?x?,webp,ICANN,25.00,No,No,High,75.00,Improve alt text description; Add width and height attributes; Add lazy loading
https://www.icann.org/en/public-comment/proceeding/phase-2-final-report-on-the-epdp-idns-for-icann-board-consideration-23-12-2024,https://itp.cdn.icann.org/assets/images/www-static/logo/icann-logo-tagline-white-en_680x152.webp,0,?x?,webp,ICANN,25.00,No,No,High,75.00,Improve alt text description; Add width and height attributes; Add lazy loading
https://www.icann.org/public-comments,https://itp.cdn.icann.org/assets/images/www-static/logo/icann_logo.webp,0,?x?,webp,ICANN,25.00,No,No,High,75.00,Improve alt text description; Add width and height attributes; Add lazy loading
https://www.icann.org/public-comments,https://itp.cdn.icann.org/assets/images/www-static/logo/icann-logo-tagline-en_680x152.webp,0,?x?,webp,ICANN,25.00,No,No,High,75.00,Improve alt text description; Add width and height attributes; Add lazy loading
https://www.icann.org/public-comments,https://itp.cdn.icann.org/assets/images/www-static/logo/icann-logo-tagline-white-en_680x152.webp,0,?x?,webp,ICANN,25.00,No,No,High,75.00,Improve alt text description; Add width and height attributes; Add lazy loading
