URL,Load Time (ms),First Paint (ms),First Contentful Paint (ms),Largest Contentful Paint (ms),Time to Interactive (ms),Total Blocking Time (ms),Cumulative Layout Shift
https://www.icann.org/privacy,2884,2598,2598,2598,2883,127,0.001
https://www.icann.org/privacy/cookies,2453,2213,2213,2213,2451,121,0.001
https://www.icann.org/en,690,552,552,552,893,134,0.045
https://www.icann.org/en/blogs/details/chairs-blog-january-board-workshop-preview-22-01-2025-en,524,486,486,491,795,162,0.044
https://www.icann.org/en/blogs/details/ssac-in-2025-open-engaged-and-accessible-16-01-2025-en,654,623,623,623,886,139,0.046
https://www.icann.org/en/announcements/details/apply-now-for-icann-leadership-positions-14-01-2025-en,860,590,590,594,1088,134,0.044
https://www.icann.org/en/blogs/details/the-adventure-begins-13-12-2024-en,606,567,567,574,838,137,0.044
https://www.icann.org/en/announcements,571,539,539,538,803,152,0.044
https://www.icann.org/en/blogs,475,432,432,432,699,168,0.046
https://www.icann.org/en/public-comment/proceeding/iana-2030-strategy-draft-pti-strategic-plan-covering-2025-to-2030-26-11-2024,460,424,424,834,687,129,0.048
https://www.icann.org/en/public-comment/proceeding/phase-2-final-report-on-the-epdp-idns-for-icann-board-consideration-23-12-2024,490,441,441,885,735,139,0.047
https://www.icann.org/public-comments,774,742,742,742,994,141,0.086
