URL,Overall Score,Title Score,Meta Score,Content Score,Technical Score,Links Score,Images Score,Mobile Score,Performance Score,Security Score
https://www.icann.org/privacy,51.00,0.30,0.00,0.60,0.00,0.00,0.00,1.00,0.00,0.00
https://www.icann.org/privacy/cookies,50.00,0.00,0.00,0.60,0.00,0.00,0.00,1.00,0.00,0.00
https://www.icann.org/en,62.00,0.97,0.12,0.70,0.00,0.00,1.00,1.00,0.00,0.00
https://www.icann.org/en/blogs/details/chairs-blog-january-board-workshop-preview-22-01-2025-en,59.00,0.47,0.02,0.90,0.00,0.00,1.00,1.00,0.00,0.00
https://www.icann.org/en/blogs/details/ssac-in-2025-open-engaged-and-accessible-16-01-2025-en,63.00,0.43,0.68,0.90,0.00,0.00,1.00,1.00,0.00,0.00
https://www.icann.org/en/announcements/details/apply-now-for-icann-leadership-positions-14-01-2025-en,64.00,0.33,1.00,0.90,0.00,0.00,1.00,1.00,0.00,0.00
https://www.icann.org/en/blogs/details/the-adventure-begins-13-12-2024-en,59.00,0.00,0.80,0.90,0.00,0.00,1.00,1.00,0.00,0.00
https://www.icann.org/en/announcements,57.00,0.00,0.00,0.70,0.00,0.00,1.00,1.00,0.00,0.00
https://www.icann.org/en/blogs,56.00,0.00,0.00,0.70,0.00,0.00,1.00,1.00,0.00,0.00
https://www.icann.org/en/public-comment/proceeding/iana-2030-strategy-draft-pti-strategic-plan-covering-2025-to-2030-26-11-2024,60.00,1.00,0.00,0.70,0.00,0.00,1.00,1.00,0.00,0.00
https://www.icann.org/en/public-comment/proceeding/phase-2-final-report-on-the-epdp-idns-for-icann-board-consideration-23-12-2024,62.00,1.00,0.00,0.70,0.00,0.00,1.00,1.00,0.00,0.00
https://www.icann.org/public-comments,66.00,0.00,1.00,0.50,0.00,0.00,1.00,1.00,0.00,0.00
