URL,Title,Description,H1 Count,Image Count,Images Without Alt,Internal Links,External Links,Page Size (bytes),Word Count,Title Length,Description Length,Has Structured Data,Has Social Tags,Last Modified
https://www.icann.org/privacy,ICANN Data Protection Practices - ICANN,,1,1,1,492,0,109701,1070,39,0,No,No,Unknown
https://www.icann.org/privacy/cookies,COOKIES POLICY - ICANN,,1,1,1,483,0,118251,2461,22,0,No,No,Unknown
https://www.icann.org/en,Internet Corporation for Assigned Names and Numbers (ICANN),"ICANN’s mission is to help ensure a stable, secure, and unified global Internet.",0,31,0,66,0,223174,921,59,80,No,No,Unknown
https://www.icann.org/en/blogs/details/chairs-blog-january-board-workshop-preview-22-01-2025-en,Chair’s Blog: January Board Workshop Preview,A blog by the ICANN Board Chair previewing the Board's January Workshop.,1,6,0,71,0,160521,1029,44,72,No,No,Unknown
https://www.icann.org/en/blogs/details/ssac-in-2025-open-engaged-and-accessible-16-01-2025-en,"SSAC in 2025: Open, Engaged, and Accessible","The SSAC is evolving to better serve the ICANN community through open communication, active engagement, and accessible research.",1,3,0,61,0,147977,831,43,128,No,No,Unknown
https://www.icann.org/en/announcements/details/apply-now-for-icann-leadership-positions-14-01-2025-en,Apply Now for ICANN Leadership Positions,"The ICANN Nominating Committee (NomCom) is accepting applications for key leadership positions within ICANN's Supporting Organizations and Advisory Committees, Public Technical Identifiers (PTI), and ICANN Board of Directors.",1,3,0,60,0,139885,804,40,225,No,No,Unknown
https://www.icann.org/en/blogs/details/the-adventure-begins-13-12-2024-en,The Adventure Begins,"Kurtis Lindqvist shares his early reflections at the end of his first week as ICANN President and CEO, as well as his plans going forward.",1,6,0,62,0,150456,860,20,138,No,No,Unknown
https://www.icann.org/en/announcements,ICANN Announcements,,1,3,0,78,0,160317,521,19,0,No,No,Unknown
https://www.icann.org/en/blogs,ICANN Blogs,,1,3,0,68,0,297783,426,11,0,No,No,Unknown
https://www.icann.org/en/public-comment/proceeding/iana-2030-strategy-draft-pti-strategic-plan-covering-2025-to-2030-26-11-2024,IANA 2030 Strategy: Draft PTI Strategic Plan covering 2025 to 2030,,1,3,0,58,0,136014,719,66,0,No,No,Unknown
https://www.icann.org/en/public-comment/proceeding/phase-2-final-report-on-the-epdp-idns-for-icann-board-consideration-23-12-2024,Phase 2 Final Report on the EPDP-IDNs for ICANN Board Consideration,,1,3,0,56,0,142479,1024,67,0,No,No,Unknown
https://www.icann.org/public-comments,Public Comment,Public Comment is a vital part of ICANN’s multistakeholder model. It provides a mechanism for stakeholders to have their opinions and recommendations formally and publicly documented. It is an opportunity for the ICANN community to effect change and improve policies and operations.,1,3,0,74,0,175185,768,14,282,No,No,Unknown
